Title,Discount,Original Price,Final Price,Rating,Reviews
Divyapriya Fashion Brasso Saree with Unstitched Blouse,76% off,"1,799",₹416,3.6,8
Miracle tex Embellished Bollywood Lycra Blend Saree with Unstitched Blouse,80% off,"1,599",₹310,3.7,144
Anand Sarees Floral Print Daily Wear Georgette Saree with Unstitched Blouse,78% off,"1,499",₹322,3.6,142
Kanooda Prints Printed Bandhej Georgette Saree with Unstitched Blouse,76% off,,₹231,3.6,209
REXZA Self Design Banarasi Georgette Saree with Unstitched Blouse,80% off,"1,499",₹299,3.7,
TTH Floral Print Daily Wear Georgette Saree with Unstitched Blouse,76% off,,₹234,3.8,672
FAB WOVEN Woven Banarasi Silk Blend Saree with Unstitched Blouse,82% off,"1,499",₹262,4,216
charmie designer Floral Print Bandhani Georgette Saree with Unstitched Blouse,85% off,"1,999",₹288,4.3,4
JUNGLE HERBS Woven Kanjivaram Cotton Blend Saree with Unstitched Blouse,83% off,"1,599",₹262,3.6,557
Asmanicreation Digital Print Bollywood Georgette Saree with Unstitched Blouse,72% off,,₹220,3.5,13
Shaibo saree Checkered Chettinadu Cotton Silk Saree with Unstitched Blouse,79% off,"1,499",₹313,4.1,213
FAB WOVEN Woven Banarasi Art Silk Saree with Unstitched Blouse,76% off,"1,499",₹348,3.7,
MANNJULAAS elite Checkered Patola Georgette Saree with Unstitched Blouse,89% off,"2,099",₹228,3.8,344
M5STUDIO Self Design Banarasi Chiffon Saree with Unstitched Blouse,77% off,"1,499",₹343,3.7,135
charmie designer Printed Bandhani Georgette Saree with Unstitched Blouse,73% off,,₹268,3.8,438
kashvi sarees Floral Print Daily Wear Georgette Saree with Unstitched Blouse,81% off,"1,299",₹239,4.2,29
KSILK Embroidered Banarasi Satin Saree with Unstitched Blouse,85% off,"2,999",₹426,3.8,48
vivia trendz Embroidered Bollywood Lycra Blend Saree with Unstitched Blouse,89% off,"2,999",₹300,3.6,236
SALCO Animal Print Daily Wear Silk Blend Saree with Unstitched Blouse,83% off,"1,599",₹260,3.7,993
NIVUS CLOTHING Solid Banarasi Chiffon Saree with Unstitched Blouse,88% off,"2,999",₹344,3.8,
FAB WOVEN Woven Kanjivaram Art Silk Saree with Unstitched Blouse,73% off,"1,499",₹398,3.7,296
kraddle Embroidered Banarasi Organza Saree with Unstitched Blouse,88% off,"1,999",₹234,3.6,
kashvi sarees Self Design Bollywood Net Saree with Unstitched Blouse,86% off,"2,499",₹346,3.9,
"TIGERSNAKE Solid, Plain Bollywood Lycra Blend Saree with Unstitched Blouse",90% off,"1,999",₹184,4,
"kashvi sarees Paisley, Floral Print Daily Wear Georgette Saree with Unstitched Blouse",81% off,"1,299",₹239,3.5,15
MM VENTURE Embellished Kota Doria Art Silk Saree with Unstitched Blouse,60% off,,₹392,4.4,28
stylevilla Bollywood Net Saree with Unstitched Blouse,79% off,"1,499",₹300,4,
PUNYATHA CREATION Embellished Chanderi Art Silk Saree with Unstitched Blouse,90% off,"3,499",₹323,3.6,
NIVUS CLOTHING Embroidered Banarasi Chiffon Saree with Unstitched Blouse,88% off,"2,999",₹334,3.5,14
VIBHAGYAA Embellished Bollywood Georgette Saree with Unstitched Blouse,81% off,"1,299",₹244,3.5,847
AKFABRICS Embellished Bollywood Lycra Blend Saree with Unstitched Blouse,76% off,"1,499",₹349,4.8,4
Divyapriya Fashion Brasso Saree with Unstitched Blouse,76% off,"1,799",₹416,3.6,8
TTH Floral Print Daily Wear Georgette Saree with Unstitched Blouse,76% off,,₹234,3.8,672
sarvagny clothing Self Design Bollywood Jacquard Saree with Unstitched Blouse,74% off,,₹255,3.5,311
HouseOfCommon Embellished Bollywood Lycra Blend Saree with Unstitched Blouse,85% off,"1,999",₹295,,
Miracle tex Embellished Bollywood Lycra Blend Saree with Unstitched Blouse,80% off,"1,599",₹310,3.7,144
M5STUDIO Self Design Banarasi Chiffon Saree with Unstitched Blouse,77% off,"1,499",₹343,3.7,135
REXZA Self Design Banarasi Georgette Saree with Unstitched Blouse,80% off,"1,499",₹299,3.7,
charmie designer Printed Bandhani Georgette Saree with Unstitched Blouse,85% off,"1,999",₹289,3.8,438
NIVUS CLOTHING Solid Banarasi Chiffon Saree with Unstitched Blouse,88% off,"2,999",₹344,3.8,
KSILK Embroidered Banarasi Satin Saree with Unstitched Blouse,85% off,"2,999",₹426,3.8,48
MAMTAIMPEX Solid Bollywood Chiffon Saree with Unstitched Blouse,77% off,"1,499",₹333,3.7,206
FAB WOVEN Woven Banarasi Art Silk Saree with Unstitched Blouse,77% off,"1,499",₹334,3.9,
PUNYATHA CREATION Embellished Chanderi Art Silk Saree with Unstitched Blouse,84% off,"2,499",₹380,3.6,
Shaibo saree Checkered Chettinadu Cotton Silk Saree with Unstitched Blouse,79% off,"1,499",₹313,4.1,213
Anand Sarees Printed Daily Wear Georgette Saree with Unstitched Blouse,81% off,"1,299",₹239,4.6,5
PUNYATHA CREATION Printed Bollywood Georgette Saree with Unstitched Blouse,89% off,"3,499",₹354,4,21
"TIGERSNAKE Solid, Plain Bollywood Lycra Blend Saree with Unstitched Blouse",90% off,"1,999",₹184,4,
"Lyamay Solid, Self Design Kasavu Pure Cotton Saree with Unstitched Blouse",88% off,"1,999",₹221,4,473
FERVIK FASHION Embroidered Bollywood Net Saree with Unstitched Blouse,87% off,"2,999",₹360,4,133
FAB WOVEN Woven Kanjivaram Art Silk Saree with Unstitched Blouse,73% off,"1,499",₹398,3.7,296
kashvi sarees Self Design Bollywood Net Saree with Unstitched Blouse,86% off,"2,499",₹346,3.9,
Vraggi Embroidered Bollywood Organza Saree with Unstitched Blouse,89% off,"1,999",₹207,3.7,260
Ambujainternational Floral Print Bollywood Georgette Saree with Unstitched Blouse,76% off,"1,499",₹358,,
NIVUS CLOTHING Embroidered Banarasi Chiffon Saree with Unstitched Blouse,88% off,"2,999",₹334,3.5,14
stylevilla Bollywood Net Saree with Unstitched Blouse,79% off,"1,499",₹300,4,
ShopGlobal Floral Print Fashion Georgette Saree with Unstitched Blouse,81% off,"1,999",₹366,3.8,193
KRADDLE Embellished Bollywood Organza Saree with Unstitched Blouse,75% off,"2,999",₹720,3.8,174
VIBHAGYAA Embellished Bollywood Georgette Saree with Unstitched Blouse,81% off,"1,299",₹244,3.5,847
"Owee Printed Bollywood Chiffon, Georgette Saree with Unstitched Blouse",77% off,"1,999",₹448,3.8,33
REXZA Embroidered Banarasi Georgette Saree with Unstitched Blouse,80% off,"1,499",₹295,3.7,
BIGJANE Hand Painted Bollywood Georgette Saree with Unstitched Blouse,78% off,"1,499",₹316,3.5,107
Divyapriya Fashion Brasso Saree with Unstitched Blouse,76% off,"1,799",₹416,3.6,8
TTH Floral Print Daily Wear Georgette Saree with Unstitched Blouse,76% off,,₹234,3.8,672
"AVANTIKA FASHION Woven, Embellished, Solid Banarasi Linen, Pure Cotton Saree with Unstitched Blouse",80% off,"1,999",₹388,3.9,27
"jihana fab Printed Kanjivaram Georgette, Silk Blend Saree with Unstitched Blouse",70% off,,₹237,3.9,106
Miracle tex Embellished Bollywood Lycra Blend Saree with Unstitched Blouse,80% off,"1,599",₹310,3.7,144
Anand Sarees Floral Print Daily Wear Georgette Saree with Unstitched Blouse,78% off,"1,099",₹237,3.5,156
REXZA Self Design Banarasi Georgette Saree with Unstitched Blouse,80% off,"1,499",₹299,3.7,
M5STUDIO Self Design Banarasi Chiffon Saree with Unstitched Blouse,77% off,"1,499",₹344,3.6,935
"DEV SHREE SILK Temple Border, Woven, Printed Banarasi Jacquard Saree with Unstitched Blouse",85% off,"2,888",₹430,4,472
REXZA Embroidered Banarasi Georgette Saree with Unstitched Blouse,80% off,"1,499",₹295,3.7,
KSILK Embroidered Banarasi Satin Saree with Unstitched Blouse,85% off,"2,999",₹426,3.8,48
"Karnav fashion Printed Bollywood Chiffon, Georgette Saree with Unstitched Blouse",79% off,"1,999",₹405,3.7,345
kashvi sarees Embellished Bollywood Net Saree with Unstitched Blouse,86% off,"2,499",₹346,3.9,
FAB WOVEN Woven Banarasi Art Silk Saree with Unstitched Blouse,77% off,"1,499",₹334,3.9,
Yashvisaree Embroidered Bollywood Organza Saree with Unstitched Blouse,71% off,"1,899",₹546,3.4,22
NIVUS CLOTHING Solid Banarasi Chiffon Saree with Unstitched Blouse,90% off,"3,999",₹370,3.7,200
Shaibo saree Checkered Chettinadu Cotton Silk Saree with Unstitched Blouse,79% off,"1,499",₹313,4.1,213
charmie designer Embroidered Bandhani Georgette Saree with Unstitched Blouse,79% off,"1,299",₹264,3.8,438
"Anand Sarees Paisley, Floral Print, Geometric Print Daily Wear Georgette Saree with Unstitched Blouse",81% off,"1,299",₹243,3.5,167
Loomora Embellished Bollywood Georgette Saree with Unstitched Blouse,87% off,"2,599",₹312,3.8,253
"TIGERSNAKE Solid, Plain Bollywood Lycra Blend Saree with Unstitched Blouse",90% off,"1,999",₹184,4,
V GROUP Printed Bandhej Chiffon Saree with Unstitched Blouse,86% off,"1,999",₹279,3.6,
kashvi sarees Self Design Bollywood Net Saree with Unstitched Blouse,86% off,"2,499",₹346,3.9,
FAB WOVEN Woven Kanjivaram Art Silk Saree with Unstitched Blouse,73% off,"1,499",₹398,3.7,296
"JASHALFAB Solid, Self Design, Printed Daily Wear Chiffon Saree with Unstitched Blouse",63% off,,₹367,4.1,522
AKFABRICS Embellished Bollywood Lycra Blend Saree with Unstitched Blouse,77% off,"1,499",₹334,,
NIVUS CLOTHING Embroidered Banarasi Chiffon Saree with Unstitched Blouse,88% off,"2,999",₹334,3.5,14
stylevilla Bollywood Net Saree with Unstitched Blouse,79% off,"1,499",₹300,4,
Vini Enterprises Embroidered Bollywood Georgette Saree with Unstitched Blouse,66% off,"1,999",₹671,3.5,163
Hema Silk Mills Solid Bollywood Organza Saree with Unstitched Blouse,78% off,"1,975",₹428,3.5,576
VIBHAGYAA Embellished Bollywood Georgette Saree with Unstitched Blouse,81% off,"1,299",₹244,3.5,847
VIBHAGYAA Printed Fashion Georgette Saree with Unstitched Blouse,79% off,"1,299",₹268,3.5,847
"Owee Printed Bollywood Chiffon, Georgette Saree with Unstitched Blouse",77% off,"1,999",₹448,3.8,33
SHUBHSWAR Striped Bollywood Satin Saree with Unstitched Blouse,81% off,,₹181,3.7,52
Divyapriya Fashion Brasso Saree with Unstitched Blouse,76% off,"1,799",₹416,3.6,8
TTH Floral Print Daily Wear Georgette Saree with Unstitched Blouse,76% off,,₹234,3.8,672
sarvagny Woven Kanjivaram Pure Silk Saree with Unstitched Blouse,74% off,,₹251,3.7,
Kanooda Prints Printed Bandhej Georgette Saree with Unstitched Blouse,76% off,,₹231,3.6,209
Miracle tex Embellished Bollywood Lycra Blend Saree with Unstitched Blouse,80% off,"1,599",₹310,3.7,144
Anand Sarees Floral Print Daily Wear Georgette Saree with Unstitched Blouse,78% off,"1,499",₹322,3.6,142
REXZA Self Design Banarasi Georgette Saree with Unstitched Blouse,80% off,"1,499",₹299,3.7,
M5STUDIO Self Design Banarasi Chiffon Saree with Unstitched Blouse,77% off,"1,499",₹343,3.7,135
charmie designer Printed Bandhani Georgette Saree with Unstitched Blouse,82% off,"1,499",₹258,3.7,489
FAB WOVEN Woven Banarasi Silk Blend Saree with Unstitched Blouse,80% off,"1,499",₹288,4,
KSILK Embroidered Banarasi Satin Saree with Unstitched Blouse,85% off,"2,999",₹426,3.8,48
TIGERSNAKE Printed Banarasi Art Silk Saree with Unstitched Blouse,69% off,,₹301,3.4,
FAB WOVEN Woven Banarasi Art Silk Saree with Unstitched Blouse,77% off,"1,499",₹334,3.9,
charmie designer Floral Print Bandhani Georgette Saree with Unstitched Blouse,85% off,"1,999",₹288,4.3,4
NIVUS CLOTHING Solid Banarasi Chiffon Saree with Unstitched Blouse,90% off,"3,999",₹370,3.7,200
Shaibo saree Checkered Chettinadu Cotton Silk Saree with Unstitched Blouse,79% off,"1,499",₹313,4.1,213
Asmanicreation Digital Print Bollywood Georgette Saree with Unstitched Blouse,72% off,,₹220,3.5,13
Sarngin boutique Self Design Bollywood Art Silk Saree with Unstitched Blouse,74% off,,₹252,3.7,
MARUTI Creation Printed Bollywood Georgette Saree with Unstitched Blouse,83% off,"3,499",₹589,,
"TIGERSNAKE Solid, Plain Bollywood Lycra Blend Saree with Unstitched Blouse",90% off,"1,999",₹184,4,
JUNGLE HERBS Woven Kanjivaram Cotton Blend Saree with Unstitched Blouse,83% off,"1,599",₹268,3.6,557
kashvi sarees Self Design Bollywood Net Saree with Unstitched Blouse,86% off,"2,499",₹346,3.9,
FAB WOVEN Woven Kanjivaram Art Silk Saree with Unstitched Blouse,73% off,"1,499",₹398,3.7,296
"kashvi sarees Embellished, Striped, Ombre, Self Design Bollywood Satin Saree with Unstitched Blouse",81% off,"1,299",₹239,3.9,
"kashvi sarees Ombre, Paisley, Floral Print Daily Wear Georgette, Chiffon Saree with Unstitched Blouse",81% off,"1,299",₹239,3.6,
NIVUS CLOTHING Embroidered Banarasi Chiffon Saree with Unstitched Blouse,88% off,"2,999",₹334,3.5,14
stylevilla Bollywood Net Saree with Unstitched Blouse,79% off,"1,499",₹300,4,
PRIHAL ART Self Design Banarasi Jacquard Saree with Unstitched Blouse,86% off,"3,000",₹407,3.6,483
VIBHAGYAA Embellished Bollywood Georgette Saree with Unstitched Blouse,81% off,"1,299",₹244,3.5,847
LOOOOTNEST Self Design Bollywood Art Silk Saree with Unstitched Blouse,85% off,"4,999",₹743,,
"Owee Printed Bollywood Chiffon, Georgette Saree with Unstitched Blouse",77% off,"1,999",₹448,3.8,33
REXZA Embroidered Banarasi Georgette Saree with Unstitched Blouse,80% off,"1,499",₹295,3.7,
Piyora Self Design Banarasi Cotton Silk Saree with Unstitched Blouse,88% off,"2,999",₹333,4,763
Divyapriya Fashion Brasso Saree with Unstitched Blouse,76% off,"1,799",₹416,3.6,8
TTH Floral Print Daily Wear Georgette Saree with Unstitched Blouse,76% off,,₹234,3.8,672
sarvagny clothing Printed Bollywood Cotton Blend Saree with Unstitched Blouse,76% off,,₹231,3.6,18
NIKHILAM Printed Daily Wear Cotton Blend Saree with Unstitched Blouse,86% off,"3,999",₹543,,
Miracle tex Embellished Bollywood Lycra Blend Saree with Unstitched Blouse,80% off,"1,599",₹310,3.7,144
charmie designer Embroidered Bandhani Georgette Saree with Unstitched Blouse,80% off,"1,299",₹259,3.8,438
REXZA Self Design Banarasi Georgette Saree with Unstitched Blouse,80% off,"1,499",₹299,3.7,
M5STUDIO Self Design Banarasi Chiffon Saree with Unstitched Blouse,77% off,"1,499",₹343,3.7,135
VIBHAGYAA Floral Print Daily Wear Georgette Saree with Unstitched Blouse,81% off,"1,299",₹244,3.8,112
yashika Embellished Bollywood Lycra Blend Saree with Unstitched Blouse,78% off,"1,599",₹342,3.6,69
KSILK Embroidered Banarasi Satin Saree with Unstitched Blouse,85% off,"2,999",₹426,3.8,48
PAL AND PAL SAREE Printed Handloom Cotton Blend Saree with Unstitched Blouse,75% off,"2,100",₹513,,
KRADDLE Digital Print Bollywood Organza Saree with Stitched Blouse,84% off,"2,499",₹394,4.1,
FAB WOVEN Woven Banarasi Art Silk Saree with Unstitched Blouse,77% off,"1,499",₹334,3.9,
Rekhamaniyar Floral Print Bollywood Georgette Saree with Unstitched Blouse,83% off,"1,299",₹212,3.9,813
NIVUS CLOTHING Solid Banarasi Chiffon Saree with Unstitched Blouse,90% off,"3,999",₹370,3.7,200
Shaibo saree Checkered Chettinadu Cotton Silk Saree with Unstitched Blouse,79% off,"1,499",₹313,4.1,213
"Yashika Printed Bollywood Crepe, Satin Saree with Unstitched Blouse",66% off,"1,799",₹598,,
FAB WOVEN Woven Banarasi Silk Blend Saree with Unstitched Blouse,83% off,"1,499",₹253,4,
Piyora Woven Banarasi Cotton Silk Saree with Unstitched Blouse,89% off,"2,999",₹324,4,763
sarvagny clothing Self Design Bollywood Jacquard Saree with Unstitched Blouse,73% off,,₹261,3.5,311
"TIGERSNAKE Solid, Plain Bollywood Lycra Blend Saree with Unstitched Blouse",90% off,"1,999",₹184,4,
SKYCRAFTX Printed Kalamkari Georgette Saree with Unstitched Blouse,83% off,"1,499",₹254,,
kashvi sarees Self Design Bollywood Net Saree with Unstitched Blouse,86% off,"2,499",₹346,3.9,
FAB WOVEN Woven Kanjivaram Art Silk Saree with Unstitched Blouse,73% off,"1,499",₹398,3.7,296
TIGERSNAKE Floral Print Bollywood Linen Saree with Unstitched Blouse,79% off,"1,499",₹313,4.1,405
Yashika Self Design Bollywood Georgette Saree with Unstitched Blouse,75% off,"1,076",₹267,3.5,
NIVUS CLOTHING Embroidered Banarasi Chiffon Saree with Unstitched Blouse,88% off,"2,999",₹334,3.5,14
stylevilla Bollywood Net Saree with Unstitched Blouse,79% off,"1,499",₹300,4,
mitita fashion Printed Handloom Pure Cotton Saree with Unstitched Blouse,69% off,"1,899",₹572,,
ShopGlobal Printed Daily Wear Georgette Saree with Unstitched Blouse,81% off,"1,299",₹239,3.9,
VIBHAGYAA Embellished Bollywood Georgette Saree with Unstitched Blouse,81% off,"1,299",₹244,3.5,847
"Anand Sarees Embellished, Striped, Self Design Daily Wear Satin Saree with Unstitched Blouse",81% off,"1,299",₹239,3.7,
"Owee Printed Bollywood Chiffon, Georgette Saree with Unstitched Blouse",77% off,"1,999",₹448,3.8,33
REXZA Embroidered Banarasi Georgette Saree with Unstitched Blouse,80% off,"1,499",₹295,3.7,
bhavika silk mills Floral Print Daily Wear Georgette Saree with Unstitched Blouse,87% off,"3,599",₹450,,
